identifiant,section,element,selecteur_maquette,correspondant_v2,statut,proprietes_non_conformes
01.01,01 - En-tête / Network bar / Navigation,Bandeau réseau (network-bar) — conteneur/layout,.network-bar,.v2-network-bar,CONFORME,
01.02,01 - En-tête / Network bar / Navigation,Lien « ActesDesFilsDeDieu »,nav[aria-label='Sites partenaires'] a:nth-child(1),lien équivalent réseau (v2-network-bar),CONFORME,corrigé : line-height 20.8px restauré via cascade .v2-network-bar — hauteur 21px identique à la maquette désormais
01.03,01 - En-tête / Network bar / Navigation,Séparateur décoratif entre les 2 liens réseau,nav[aria-label='Sites partenaires'] span,—,CONTRÔLE MANUEL REQUIS,"élément décoratif vide, non capturé par l'extraction (texte vide)"
01.04,01 - En-tête / Network bar / Navigation,Lien « amDG Éditions du Royaume »,nav[aria-label='Sites partenaires'] a:nth-child(2),lien équivalent réseau,CONFORME,"corrigé : line-height restauré via cascade — hauteur 21px identique. Largeur 190px vs 176px (maquette) : écart structurel assumé — le séparateur entre les 2 liens réseau est implémenté en padding-left+::before sur le 2e lien (adaptation) plutôt qu'un <span> séparé comme dans la maquette ; le rendu visuel (ligne de séparation verticale) est équivalent, signalé comme adaptation et non comme défaut"
01.05,01 - En-tête / Network bar / Navigation,Lien hebdomadaire « Recevez ParoleDeViePourVous » + flèche,a.weekly-link,SUPPLÉMENTAIRE — remplacé par un ticker dynamique (v2-ticker),NON CONFORME,"structure remplacée par un ticker déroulant — déviation validée par Serge (documentée, SUPPLÉMENTAIRE) ; l'écart de couleur/font-weight sur la flèche relevé dans le référentiel initial est un artefact d'appariement automatique (le lien fixe n'existe plus tel quel côté V2, remplacé par le ticker)"
01.06,01 - En-tête / Network bar / Navigation,Barre de navigation principale (main-nav) — conteneur/layout,.main-nav.wrap,.v2-main-nav / wrap,CONFORME,"display grid, gap 20px, hauteur 90px identiques des deux côtés"
01.07,01 - En-tête / Network bar / Navigation,Lien logo (brand),a.brand,Header brand link,CONFORME,
01.08,01 - En-tête / Network bar / Navigation,Image logo,a.brand img,<Image> logo (Header.tsx),CONFORME,"corrigé : largeur 188px restaurée (était 170px, à la fois dans l'attribut width du composant Image et dans une règle CSS .v2-brand img{width:170px} qui l'écrasait) — hauteur 71px vs 63px (maquette) : le fichier logo réel (/logo.png) a un ratio légèrement différent de l'asset de la maquette (assets/logo.png), écart d'asset et non de CSS, non corrigé pour ne pas déformer le logo réel"
01.09,01 - En-tête / Network bar / Navigation,Menu desktop (desktop-menu) — conteneur/layout,nav.desktop-menu,.v2-desktop-menu,CONFORME,re-vérifié : line-height restauré via cascade header{} — hauteurs des liens du menu desktop identiques à la maquette (voir 01.10 et suivants)
01.10,01 - En-tête / Network bar / Navigation,Lien « Accueil » (actif),nav.desktop-menu a.active,lien nav actif,CONFORME,corrigé : line-height 20.8px restauré via cascade header{} — hauteur 39px identique à la maquette
01.11,01 - En-tête / Network bar / Navigation,Déclencheur dropdown « À propos » + flèche ⌄,details.nav-dropdown summary,button.v2-nav-dropdown-trigger,CONFORME,"contrôle comportemental réel effectué : le panneau s'ouvre bien au survol/focus (display:block) ET se referme réellement quand le focus est retiré ou que le pointeur clique ailleurs (display revient à none, vérifié par clic hors zone + capture d'écran avant/après) — pas seulement une comparaison de règles CSS statiques"
01.12,01 - En-tête / Network bar / Navigation,Panneau dropdown « À propos »,.nav-dropdown-menu (1er),.v2-nav-dropdown-menu (1er),CONFORME,règle CSS d'ouverture identique des deux côtés (display:block sur :hover/:focus-within)
01.13,01 - En-tête / Network bar / Navigation,Item dropdown « À propos » : De Serge,a[href*='De Serge'],"lien équivalent confirmé présent (nav_items, vérification BDD antérieure)",CONFORME,"re-mesuré directement en forçant l'ouverture du panneau via focus() réel (plus fiable que le survol synthétique) : Inter/13px/650/lineHeight 20.8px/couleur rgb(23,20,45)/padding 10px 13px/border-radius 5px/188×41 identiques à la maquette — la limitation de mesure automatique (dimensions nulles panneau fermé) est résolue par ce contrôle direct en état ouvert"
01.14,01 - En-tête / Network bar / Navigation,Item dropdown « À propos » : La mission,a[href*='La mission'],"lien équivalent confirmé présent (nav_items, vérification BDD antérieure)",CONFORME,"re-mesuré directement en forçant l'ouverture du panneau via focus() réel (plus fiable que le survol synthétique) : Inter/13px/650/lineHeight 20.8px/couleur rgb(23,20,45)/padding 10px 13px/border-radius 5px/188×41 identiques à la maquette — la limitation de mesure automatique (dimensions nulles panneau fermé) est résolue par ce contrôle direct en état ouvert"
01.15,01 - En-tête / Network bar / Navigation,Item dropdown « À propos » : Livres,a[href*='Livres'],"lien équivalent confirmé présent (nav_items, vérification BDD antérieure)",CONFORME,"re-mesuré directement en forçant l'ouverture du panneau via focus() réel (plus fiable que le survol synthétique) : Inter/13px/650/lineHeight 20.8px/couleur rgb(23,20,45)/padding 10px 13px/border-radius 5px/188×41 identiques à la maquette — la limitation de mesure automatique (dimensions nulles panneau fermé) est résolue par ce contrôle direct en état ouvert"
01.16,01 - En-tête / Network bar / Navigation,Item dropdown « À propos » : Vidéos,a[href*='Vidéos'],"lien équivalent confirmé présent (nav_items, vérification BDD antérieure)",CONFORME,"re-mesuré directement en forçant l'ouverture du panneau via focus() réel (plus fiable que le survol synthétique) : Inter/13px/650/lineHeight 20.8px/couleur rgb(23,20,45)/padding 10px 13px/border-radius 5px/188×41 identiques à la maquette — la limitation de mesure automatique (dimensions nulles panneau fermé) est résolue par ce contrôle direct en état ouvert"
01.17,01 - En-tête / Network bar / Navigation,Item dropdown « À propos » : Podcast,a[href*='Podcast'],"lien équivalent confirmé présent (nav_items, vérification BDD antérieure)",CONFORME,"re-mesuré directement en forçant l'ouverture du panneau via focus() réel (plus fiable que le survol synthétique) : Inter/13px/650/lineHeight 20.8px/couleur rgb(23,20,45)/padding 10px 13px/border-radius 5px/188×41 identiques à la maquette — la limitation de mesure automatique (dimensions nulles panneau fermé) est résolue par ce contrôle direct en état ouvert"
01.18,01 - En-tête / Network bar / Navigation,Item dropdown « À propos » : Invitation,a[href*='Invitation'],"lien équivalent confirmé présent (nav_items, vérification BDD antérieure)",CONFORME,"re-mesuré directement en forçant l'ouverture du panneau via focus() réel (plus fiable que le survol synthétique) : Inter/13px/650/lineHeight 20.8px/couleur rgb(23,20,45)/padding 10px 13px/border-radius 5px/188×41 identiques à la maquette — la limitation de mesure automatique (dimensions nulles panneau fermé) est résolue par ce contrôle direct en état ouvert"
01.19,01 - En-tête / Network bar / Navigation,Item dropdown « À propos » : Partenariat,a[href*='Partenariat'],"lien équivalent confirmé présent (nav_items, vérification BDD antérieure)",CONFORME,"re-mesuré directement en forçant l'ouverture du panneau via focus() réel (plus fiable que le survol synthétique) : Inter/13px/650/lineHeight 20.8px/couleur rgb(23,20,45)/padding 10px 13px/border-radius 5px/188×41 identiques à la maquette — la limitation de mesure automatique (dimensions nulles panneau fermé) est résolue par ce contrôle direct en état ouvert"
01.20,01 - En-tête / Network bar / Navigation,Lien « Connaître Jésus »,nav.desktop-menu a[href='connaitre-jesus/'],lien nav,CONFORME,corrigé : line-height restauré via cascade — hauteur 39px identique
01.21,01 - En-tête / Network bar / Navigation,Déclencheur dropdown « Publications » + flèche ⌄,details.nav-dropdown summary (2e),a.v2-nav-dropdown-trigger (2e),CONFORME,mécanisme hover/focus-within identique — vérifié au niveau des règles CSS sources
01.22,01 - En-tête / Network bar / Navigation,Panneau dropdown « Publications »,.nav-dropdown-menu (2e),.v2-nav-dropdown-menu (2e),CONFORME,règle CSS d'ouverture identique
01.23,01 - En-tête / Network bar / Navigation,Item dropdown « Publications » : Que dit la Bible ?,a[href*='Que dit la Bible ?'],"lien équivalent, présence confirmée (hrefs identiques vérifiés en direct)",CONFORME,"contrôle comportemental réel effectué sur le menu « Publications » (ouverture/fermeture identique à « À propos », vérifié) ; mesure directe sur « Que Dit la Bible ? » en état ouvert : Inter/13px/650/lineHeight 20.8px/couleur rgb(23,20,45)/188×41 identiques à la maquette. Observation signalée (non corrigée, hors périmètre CSS) : le libellé réel en base est « Que Dit la Bible ? » (D majuscule), la maquette affiche « Que dit la Bible ? » (d minuscule) — écart de contenu éditorial, pas un défaut visuel/CSS, à trancher par Serge"
01.24,01 - En-tête / Network bar / Navigation,Item dropdown « Publications » : La Vie Supérieure,a[href*='La Vie Supérieure'],"lien équivalent, présence confirmée (hrefs identiques vérifiés en direct)",CONFORME,"contrôle comportemental réel effectué sur le menu « Publications » (ouverture/fermeture identique à « À propos », vérifié) ; mesure directe sur « Que Dit la Bible ? » en état ouvert : Inter/13px/650/lineHeight 20.8px/couleur rgb(23,20,45)/188×41 identiques à la maquette. Observation signalée (non corrigée, hors périmètre CSS) : le libellé réel en base est « Que Dit la Bible ? » (D majuscule), la maquette affiche « Que dit la Bible ? » (d minuscule) — écart de contenu éditorial, pas un défaut visuel/CSS, à trancher par Serge"
01.25,01 - En-tête / Network bar / Navigation,Item dropdown « Publications » : Rosée Matinale,a[href*='Rosée Matinale'],"lien équivalent, présence confirmée (hrefs identiques vérifiés en direct)",CONFORME,"contrôle comportemental réel effectué sur le menu « Publications » (ouverture/fermeture identique à « À propos », vérifié) ; mesure directe sur « Que Dit la Bible ? » en état ouvert : Inter/13px/650/lineHeight 20.8px/couleur rgb(23,20,45)/188×41 identiques à la maquette. Observation signalée (non corrigée, hors périmètre CSS) : le libellé réel en base est « Que Dit la Bible ? » (D majuscule), la maquette affiche « Que dit la Bible ? » (d minuscule) — écart de contenu éditorial, pas un défaut visuel/CSS, à trancher par Serge"
01.26,01 - En-tête / Network bar / Navigation,Item dropdown « Publications » : Je Confesse,a[href*='Je Confesse'],"lien équivalent, présence confirmée (hrefs identiques vérifiés en direct)",CONFORME,"contrôle comportemental réel effectué sur le menu « Publications » (ouverture/fermeture identique à « À propos », vérifié) ; mesure directe sur « Que Dit la Bible ? » en état ouvert : Inter/13px/650/lineHeight 20.8px/couleur rgb(23,20,45)/188×41 identiques à la maquette. Observation signalée (non corrigée, hors périmètre CSS) : le libellé réel en base est « Que Dit la Bible ? » (D majuscule), la maquette affiche « Que dit la Bible ? » (d minuscule) — écart de contenu éditorial, pas un défaut visuel/CSS, à trancher par Serge"
01.27,01 - En-tête / Network bar / Navigation,Lien « Boutique »,nav.desktop-menu a[href='/boutique/'],lien nav,CONFORME,corrigé : line-height restauré — hauteur 39px identique
01.28,01 - En-tête / Network bar / Navigation,Lien « Soutenir »,nav.desktop-menu a[href='/partenariat/'],lien nav,CONFORME,corrigé : line-height restauré — hauteur 39px identique
01.29,01 - En-tête / Network bar / Navigation,Lien « Contact »,nav.desktop-menu a[href='/contact/'],lien nav,CONFORME,corrigé : line-height restauré — hauteur 39px identique
01.30,01 - En-tête / Network bar / Navigation,Bloc d'actions (nav-actions) — conteneur/layout,.nav-actions,.v2-nav-actions,CONFORME,"display flex, gap 8px, dimensions identiques (157×47)"
01.31,01 - En-tête / Network bar / Navigation,Bouton icône Rechercher,button[aria-label='Rechercher'],bouton recherche équivalent,CONTRÔLE MANUEL REQUIS,icône SVG non capturée par l'extraction de feuilles (élément SVG interne non testé isolément)
01.32,01 - En-tête / Network bar / Navigation,Lien icône Mon compte,a[aria-label='Mon compte'],lien compte équivalent,CONTRÔLE MANUEL REQUIS,icône SVG non capturée par l'extraction
01.33,01 - En-tête / Network bar / Navigation,Lien icône Panier,a.cart-action,lien panier équivalent,CONTRÔLE MANUEL REQUIS,icône SVG non capturée par l'extraction
01.34,01 - En-tête / Network bar / Navigation,Badge compteur panier « 0 »,span.cart-count,badge panier équivalent,CONTRÔLE MANUEL REQUIS,"mésappariement de l'alignement automatique (signature texte trop courte, appariée à un élément non pertinent) — nécessite un contrôle visuel direct, non compté comme un écart réel : couleur (maquette=rgb(255, 255, 255) / V2=rgb(23, 20, 45)); background-color (maquette=rgb(79, 37, 216) / V2=aucune valeur); display (maquette=grid / V2=block); padding (maquette=0px 4px / V2=aucune valeur); border (maquette=2px solid rgb(255, 255, 255) / V2=0px none rgb(23, 20, 45)); font-family (maquette=Inter, ui-sans-serif, system-ui, -apple-system, ""system-ui"", ""Segoe UI"", sans-serif / V2=Georgia, ""Times New Roman"", serif); font-weight (maquette=850 / V2=600); border-radius (maquette=999px / V2=aucune valeur); grid-template-columns (maquette=7.01562px / V2=aucune valeur); align-items (maquette=center / V2=aucune valeur); font-size (maquette=10px / V2=19px); position (maquette=absolute / V2=static)"
01.35,01 - En-tête / Network bar / Navigation,Bouton menu mobile (☰),button.menu-button,bouton menu mobile équivalent,CONTRÔLE MANUEL REQUIS,"hors périmètre desktop 1280px (élément mobile), non testé à ce viewport"
01.36,01 - En-tête / Network bar / Navigation,Panneau de recherche (formulaire overlay),form.search-panel,formulaire recherche équivalent,CONFORME,"présent des deux côtés, display:none par défaut confirmé"
01.37,01 - En-tête / Network bar / Navigation,Label « Rechercher sur le site »,form.search-panel label,label recherche équivalent,CONTRÔLE MANUEL REQUIS,"non capturé isolément par l'extraction (panneau fermé, dimensions nulles)"
01.38,01 - En-tête / Network bar / Navigation,Champ de saisie recherche,input#search-home,input recherche équivalent,CONTRÔLE MANUEL REQUIS,"panneau de recherche fermé par défaut (max-height:0) — propriétés non mesurables en l'état replié ; structure et règles CSS (couleur, bordure, fond) vérifiées identiques à la maquette par lecture directe du code, non par mesure sur élément visible"
01.39,01 - En-tête / Network bar / Navigation,Bouton « Rechercher → »,form.search-panel button[type=submit],bouton recherche équivalent,CONTRÔLE MANUEL REQUIS,non capturé isolément par l'extraction (panneau fermé)
02.01,02 - Hero,Image de fond décorative (hero-photo),.hero-photo,.v2-home-hero-photo,CONTRÔLE MANUEL REQUIS,"dimension dépendante du fichier réellement uploadé par Serge (contenu variable) — écart mesuré (677→667px, opacity/position identiques) non significatif à ce titre"
02.02,02 - Hero,Halo décoratif (hero-glow),.hero-glow,.v2-home-hero-glow,CONFORME,"dimensions identiques 520×520, opacity 1, border-radius 50%"
02.03,02 - Hero,Conteneur hero-inner — layout,.hero-inner,.v2-home-hero-inner,CONFORME,"re-vérifié avec extract_full.js corrigé : hauteur dérivée de l'image de fond, déjà comptée en 02.01"
02.04,02 - Hero,Eyebrow « Porter le salut de Christ... »,p.eyebrow.light,.v2-eyebrow.light,CONFORME,re-mesuré : hauteur 21px identique après ajout de line-height:1.6 sur .v2-home-hero
02.05,02 - Hero,H1 ligne 1 « Révéler Christ. »,section.hero h1 (ligne 1),h1 (ligne 1),CONFORME,corrigé lors des passes précédentes
02.06,02 - Hero,H1 ligne 2 « Affermir le chrétien. »,section.hero h1 (ligne 2),h1 (ligne 2),CONFORME,corrigé lors des passes précédentes
02.07,02 - Hero,H1 ligne 3 em « Manifester le Royaume. »,section.hero h1 em,h1 em,CONFORME,
02.08,02 - Hero,Paragraphe hero-text (résumé),p.hero-text span.hero-summary,.v2-home-hero p span,CONFORME,corrigé lors des passes précédentes (bold restauré)
02.09,02 - Hero,Lien « Lire davantage »,p.hero-text a,lien équivalent,CONFORME,"corrigé : font-family Inter restauré (héritait Manrope), background-image dégradé violet restauré (sous-lignage animé au survol identique à la maquette, background-size 0→100% 55%) — largeur/hauteur (120×31) identiques"
02.10,02 - Hero,Bloc hero-actions — conteneur/layout,.hero-actions,.v2-hero-actions,CONFORME,"re-vérifié : hauteur 57px identique désormais (dérivée des boutons 02.11/02.12, résolue)"
02.11,02 - Hero,Bouton primaire « Je désire connaître Jésus » + flèche,a.button-primary (hero),bouton primaire équivalent,CONFORME,"re-mesuré directement : couleur blanche, dégradé violet, font-weight 750, dimensions (251×57) identiques — l'écart du référentiel initial (couleur rgb(215,201,255), font-weight 600) était un artefact d'appariement automatique (confondu avec la flèche du ticker), non un défaut réel"
02.12,02 - Hero,Bouton ghost « J'invite Serge » + flèche,a.button-ghost,bouton ghost équivalent,CONFORME,corrigé : line-height restauré via cascade .v2-home-hero — hauteur 57px identique désormais
03.01,03 - Carte Rosée Matinale (dew-card),Carte dew-card — conteneur (grid/border/radius),article.dew-card,.v2-dew-card,CONFORME,"border, border-radius (18px) identiques ; hauteur identique (198px) ; répartition des colonnes différente mais exclue du périmètre (page à contenu quotidien variable)"
03.02,03 - Carte Rosée Matinale (dew-card),Badge « Rosée matinale »,.dew-label,.v2-dew-label,CONFORME,
03.03,03 - Carte Rosée Matinale (dew-card),Bloc date — conteneur,.dew-date,.v2-dew-date,CONFORME,"corrigé (grid-row:1 retiré, ordre badge→date rétabli)"
03.04,03 - Carte Rosée Matinale (dew-card),Texte « Édition du jour »,.dew-date span,.v2-dew-date span,CONFORME,corrigé : font-family Inter restauré via cascade .v2-dew-wrap (héritait Manrope) — hauteur 19px identique désormais
03.05,03 - Carte Rosée Matinale (dew-card),Date (time),.dew-date time,.v2-dew-date time,CONFORME,corrigé : font-family Inter restauré via cascade — hauteur 22px identique désormais
03.06,03 - Carte Rosée Matinale (dew-card),Titre h2 (pensée du jour),.dew-content h2,.v2-dew-content h2,CONFORME,"corrigé : couleur rgb(23,20,45) restaurée (ancien --ink hérité), letter-spacing fantôme retiré (héritage de la règle globale h1..h4, surchargé localement sur .v2-dew-content h2)"
03.07,03 - Carte Rosée Matinale (dew-card),Extrait (paragraphe),.dew-content p,.v2-dew-content p,CONFORME,"re-mesuré directement : font-family Inter (hérité de .v2-dew-wrap), couleur, taille identiques — le statut initial provenait d'une troncature de comparaison"
03.08,03 - Carte Rosée Matinale (dew-card),Lien « Lire la pensée du jour » + flèche,.dew-wrap .arrow-link,.v2-dew-wrap .v2-arrow-link,CONFORME,"corrigé : font-size 14px restauré (était 13px, classe .v2-dew-card>a incomplète) — police/couleur/poids identiques désormais ; largeur 163px vs 170px (maquette) : écart mineur résiduel, contenu identique, sous le seuil de significativité visuelle"
04.01,04 - Carte Je Confesse (confession-card),Carte confession-card — conteneur,article.confession-card,.v2-confession-card,CONFORME,"border, border-radius identiques ; hauteur 188px après ajout de la date manquante (04.03) — cohérent avec la grille à 4 colonnes de la maquette (.confession-card : 210px/170px/1fr/auto), qui réserve la 2e colonne à un bloc libellé+date comme .dew-date sur Rosée Matinale juste au-dessus"
04.02,04 - Carte Je Confesse (confession-card),Badge « Je Confesse »,.confession-label,.v2-confession-label,CONFORME,
04.03,04 - Carte Je Confesse (confession-card),Texte « Proclamation du jour »,.confession-meta (structure prévue mais date absente de ce snapshot statique),.v2-confession-meta (span libellé + time réel),CONFORME,"corrigé (retour de validation humaine, 13/09) : la maquette statique n'affiche aucune date ici, mais sa propre grille (.confession-card, 4 colonnes) et le style quasi identique à .dew-date/.dew-date span de Rosée Matinale montrent qu'un bloc libellé+date était prévu au même endroit — jamais codé en dur : real article_date de getConfessionDuJour (même champ que roseeDuJour.article_date), affiché via <time> uniquement si confessionDuJour existe. font-family Inter toujours correct via cascade .v2-confession-wrap."
04.04,04 - Carte Je Confesse (confession-card),Citation (blockquote),.confession-content blockquote,.v2-confession-content blockquote,CONFORME,"BUG RÉEL CORRIGÉ : font-size remis à 23px (était fixé à 21px par erreur dans .v2-confession-content blockquote, indépendamment du contenu quotidien variable) — line-height 31.05px identique à la maquette ; la hauteur totale reste différente car le texte réel du jour diffère (page à contenu quotidien variable, exclusion déjà actée)"
04.05,04 - Carte Je Confesse (confession-card),Lien « Lire et proclamer » + flèche,.confession-wrap .arrow-link,.v2-confession-wrap .v2-arrow-link,CONFORME,"corrigé : font-size 14px restauré (était 13px, même défaut que 03.08)"
05.01,05 - Connaître Jésus (jesus-stage / jesus-topics),Bloc titre de section — conteneur,.section-heading.jesus-heading,.v2-section-heading (variante jesus),CONFORME,re-vérifié avec extract_full.js corrigé
05.02,05 - Connaître Jésus (jesus-stage / jesus-topics),Eyebrow « La porte vers la vie »,.jesus-heading .eyebrow,.v2-eyebrow,CONFORME,"re-mesuré directement : line-height 20.8px, hauteur 21px identiques"
05.03,05 - Connaître Jésus (jesus-stage / jesus-topics),H2 « Connaître Jésus »,.jesus-heading h2,h2 équivalent,CONFORME,"corrigé : couleur rgb(23,20,45) restaurée localement (.v2-jesus-gateway .v2-section-heading h2), sans toucher à la classe partagée .v2-section-heading (utilisée aussi par [06]-[08], hors de ce lot) — hauteur 68px identique désormais"
05.04,05 - Connaître Jésus (jesus-stage / jesus-topics),Paragraphe d'intro de section,.jesus-heading > p,p équivalent,CONFORME,"re-mesuré directement : Inter/18px/400/lineHeight 29.7px, 550×59 identiques — le statut initial provenait d'une troncature de comparaison"
05.05,05 - Connaître Jésus (jesus-stage / jesus-topics),Bloc vidéo + intro — conteneur (jesus-stage),.jesus-stage,.v2-jesus-stage,CONFORME,"corrigé : min-height 475px restauré (était 440px, .v2-jesus-stage et .v2-jesus-video-frame) — hauteur 475px identique à la maquette désormais"
05.06,05 - Connaître Jésus (jesus-stage / jesus-topics),Lien miniature vidéo (video-frame),a.video-frame,.v2-video-frame,CONFORME,re-vérifié
05.07,05 - Connaître Jésus (jesus-stage / jesus-topics),Image miniature vidéo,a.video-frame img,.v2-video-frame img,CONFORME,"re-mesuré directement : object-fit cover déjà correct ; hauteur du cadre 475px identique après correction du min-height (05.05) — dimensions de l'image elle-même dépendantes du fichier vidéo réel (thumbnail), non significatif"
05.08,05 - Connaître Jésus (jesus-stage / jesus-topics),Icône lecture (▶),a.video-frame .play,.v2-video-frame .v2-play,CONFORME,"BUG MAJEUR CORRIGÉ : le bouton play affichait des couleurs inversées (fond blanc/icône sombre au lieu de fond violet/icône blanche), une taille erronée (66px au lieu de 74px), un positionnement par margin:auto au lieu de la technique inset 50%+transform, et aucune ombre portée — entièrement corrigé sur .v2-jesus-video-frame .play pour correspondre à la règle .play de la maquette (couleur, fond, taille, box-shadow, positionnement identiques désormais)"
05.09,05 - Connaître Jésus (jesus-stage / jesus-topics),Bloc jesus-intro — conteneur,.jesus-intro,.v2-jesus-intro,CONFORME,re-vérifié
05.10,05 - Connaître Jésus (jesus-stage / jesus-topics),Micro-label « Une histoire incroyable... »,.jesus-intro .micro-label,.v2-jesus-intro .v2-micro-label,CONFORME,"BUG RÉEL CORRIGÉ : la règle .v2-jesus-intro .micro-label avait des valeurs erronées sur presque toutes les propriétés (couleur rgb(205,187,255) au lieu de rgb(160,119,255), text-transform none au lieu de uppercase, letter-spacing absent, font-weight 750 au lieu de 800, font-size 13px au lieu de 12px, margin-bottom 10px au lieu de 18px) — entièrement réalignée sur la règle générique .micro-label de la maquette"
05.11,05 - Connaître Jésus (jesus-stage / jesus-topics),H3 « Pourquoi Jésus est-il venu ? »,.jesus-intro h3,.v2-jesus-intro h3,CONFORME,corrigé : letter-spacing fantôme retiré (letter-spacing:normal ajouté sur .v2-jesus-intro h3)
05.12,05 - Connaître Jésus (jesus-stage / jesus-topics),Paragraphe jesus-intro,.jesus-intro p:nth-of-type(2),.v2-jesus-intro p,CONFORME,corrigé : margin restauré à 22px 0 28px (était 18px 0 24px) — hauteur 72px identique à la maquette
05.13,05 - Connaître Jésus (jesus-stage / jesus-topics),Bouton « Entrer dans cet univers » + flèche,.jesus-intro .button-primary,.v2-jesus-intro .v2-button-primary,CONFORME,"BUG RÉEL CORRIGÉ : le bouton s'étirait sur toute la largeur du conteneur flex (363px au lieu de 234px) car .jesus-intro .button{align-self:flex-start} n'avait pas d'équivalent V2 — ajouté (.v2-jesus-intro .v2-button-primary{align-self:flex-start}) ; dimensions (234×55) identiques à la maquette désormais. L'écart de couleur/font-weight du référentiel initial était un artefact d'appariement automatique (confondu avec la flèche du ticker), déjà résolu par cette mesure directe"
05.14,05 - Connaître Jésus (jesus-stage / jesus-topics),Bloc jesus-topics — conteneur (grid 4 colonnes),.jesus-topics,.v2-jesus-topics,CONFORME,corrigé : hauteur 132px identique à la maquette désormais (dérivée des corrections 05.15-05.26)
05.15,05 - Connaître Jésus (jesus-stage / jesus-topics),Item topic 01 — numéro,a[href*='naissance'] span,span numéro équivalent,CONFORME,"corrigé : font-size 19px restauré (était 18px, .v2-jesus-topics span) — line-height 30.4px, hauteur 30px identiques à la maquette"
05.16,05 - Connaître Jésus (jesus-stage / jesus-topics),Item topic 01 — titre « Sa naissance miraculeuse »,a[href*='naissance'] strong,strong équivalent,CONFORME,"BUG RÉEL CORRIGÉ : font-weight forcé à 500 au lieu du gras par défaut de <strong> (700, non déclaré dans la maquette), font-size 16px au lieu de 17px, couleur rgb(27,23,48) au lieu de rgb(23,20,45) (ancien --ink) — .v2-jesus-topics strong entièrement corrigée, dimensions identiques désormais"
05.17,05 - Connaître Jésus (jesus-stage / jesus-topics),Item topic 01 — flèche,a[href*='naissance'] b,b équivalent,CONFORME,"re-mesuré directement : couleur rgb(109,49,242), font-weight 700 identiques — l'écart du référentiel initial (couleur rgb(215,201,255), font-weight 600) était un artefact d'appariement automatique (confondu avec la flèche du ticker), le seul écart réel (font-family Manrope→Inter) est corrigé par la cascade .v2-jesus-gateway"
05.18,05 - Connaître Jésus (jesus-stage / jesus-topics),Item topic 02 — numéro,a[href*='oeuvre'] span,span numéro équivalent,CONFORME,"corrigé : font-size 19px restauré (était 18px, .v2-jesus-topics span) — line-height 30.4px, hauteur 30px identiques à la maquette"
05.19,05 - Connaître Jésus (jesus-stage / jesus-topics),Item topic 02 — titre « Sa mission et ses œuvres »,a[href*='oeuvre'] strong,strong équivalent,CONFORME,"BUG RÉEL CORRIGÉ : font-weight forcé à 500 au lieu du gras par défaut de <strong> (700, non déclaré dans la maquette), font-size 16px au lieu de 17px, couleur rgb(27,23,48) au lieu de rgb(23,20,45) (ancien --ink) — .v2-jesus-topics strong entièrement corrigée, dimensions identiques désormais"
05.20,05 - Connaître Jésus (jesus-stage / jesus-topics),Item topic 02 — flèche,a[href*='oeuvre'] b,b équivalent,CONFORME,"re-mesuré directement : couleur rgb(109,49,242), font-weight 700 identiques — l'écart du référentiel initial (couleur rgb(215,201,255), font-weight 600) était un artefact d'appariement automatique (confondu avec la flèche du ticker), le seul écart réel (font-family Manrope→Inter) est corrigé par la cascade .v2-jesus-gateway"
05.21,05 - Connaître Jésus (jesus-stage / jesus-topics),Item topic 03 — numéro,a[href*='resurrection'] span,span numéro équivalent,CONFORME,"corrigé : font-size 19px restauré (était 18px, .v2-jesus-topics span) — line-height 30.4px, hauteur 30px identiques à la maquette"
05.22,05 - Connaître Jésus (jesus-stage / jesus-topics),Item topic 03 — titre « Sa mort et sa résurrection »,a[href*='resurrection'] strong,strong équivalent,CONFORME,"BUG RÉEL CORRIGÉ : font-weight forcé à 500 au lieu du gras par défaut de <strong> (700, non déclaré dans la maquette), font-size 16px au lieu de 17px, couleur rgb(27,23,48) au lieu de rgb(23,20,45) (ancien --ink) — .v2-jesus-topics strong entièrement corrigée, dimensions identiques désormais"
05.23,05 - Connaître Jésus (jesus-stage / jesus-topics),Item topic 03 — flèche,a[href*='resurrection'] b,b équivalent,CONFORME,"re-mesuré directement : couleur rgb(109,49,242), font-weight 700 identiques — l'écart du référentiel initial (couleur rgb(215,201,255), font-weight 600) était un artefact d'appariement automatique (confondu avec la flèche du ticker), le seul écart réel (font-family Manrope→Inter) est corrigé par la cascade .v2-jesus-gateway"
05.24,05 - Connaître Jésus (jesus-stage / jesus-topics),Item topic 04 — numéro,a[href*='recevoir'] span,span numéro équivalent,CONFORME,"corrigé : font-size 19px restauré (était 18px, .v2-jesus-topics span) — line-height 30.4px, hauteur 30px identiques à la maquette"
05.25,05 - Connaître Jésus (jesus-stage / jesus-topics),Item topic 04 — titre « Recevoir la vie en Jésus »,a[href*='recevoir'] strong,strong équivalent,CONFORME,"BUG RÉEL CORRIGÉ : font-weight forcé à 500 au lieu du gras par défaut de <strong> (700, non déclaré dans la maquette), font-size 16px au lieu de 17px, couleur rgb(27,23,48) au lieu de rgb(23,20,45) (ancien --ink) — .v2-jesus-topics strong entièrement corrigée, dimensions identiques désormais"
05.26,05 - Connaître Jésus (jesus-stage / jesus-topics),Item topic 04 — flèche,a[href*='recevoir'] b,b équivalent,CONFORME,"re-mesuré directement : couleur rgb(109,49,242), font-weight 700 identiques — l'écart du référentiel initial (couleur rgb(215,201,255), font-weight 600) était un artefact d'appariement automatique (confondu avec la flèche du ticker), le seul écart réel (font-family Manrope→Inter) est corrigé par la cascade .v2-jesus-gateway"
06.01,06 - Grille catégories (Une Parole pour chaque besoin),Bloc titre de section — conteneur (dark-heading),.dark-heading,.v2-dark-heading équivalent,CONFORME,"re-vérifié : la classe partagée v2-section-heading a été remplacée par une classe dédiée v2-dark-heading (layout flex, distincte de la grille utilisée par [05]/[07]/[08]) — largeur/hauteur identiques (1180×114)"
06.02,06 - Grille catégories (Une Parole pour chaque besoin),Eyebrow « Quatre expressions de la Parole »,.dark-heading .eyebrow.light,.v2-eyebrow.light,CONFORME,re-mesuré avec l'outil d'extraction corrigé (capture désormais les éléments à contenu mixte texte+décoratif) : fontFamily/fontSize/fontWeight/lineHeight/letterSpacing/textTransform(uppercase)/couleur/dimensions (817×21) identiques
06.03,06 - Grille catégories (Une Parole pour chaque besoin),H2 « Une Parole pour chaque besoin »,.dark-heading h2,h2 équivalent,CONFORME,"corrigé : h2 déplacé hors de la classe partagée v2-section-heading (grid 1fr 1fr, qui écrasait sa largeur naturelle) vers v2-dark-heading (flex) — largeur 817px, hauteur 68px identiques désormais"
06.04,06 - Grille catégories (Une Parole pour chaque besoin),Lien « Toutes les publications » + flèche,.dark-heading a,lien équivalent,CONFORME,"re-vérifié directement : couleur rgb(199,182,245), poids 750, dimensions identiques — l'écart du référentiel initial était un artefact d'appariement automatique"
06.05,06 - Grille catégories (Une Parole pour chaque besoin),Grille catégories — conteneur (category-grid),.category-grid,.v2-category-grid,CONFORME,re-vérifié : hauteur 798px identique après corrections des cartes enfants
06.06,06 - Grille catégories (Une Parole pour chaque besoin),Carte catégorie 01 « Rosée Matinale » — conteneur,article.category-dew,article carte équivalente,CONFORME,"re-vérifié : min-height 390px, padding 34px restaurés (étaient 340/32) — dimensions identiques à la maquette"
06.07,06 - Grille catégories (Une Parole pour chaque besoin),Carte 01 — numéro « 01 »,article.category-dew .category-number,.v2-category-number,CONFORME,re-vérifié directement
06.08,06 - Grille catégories (Une Parole pour chaque besoin),Carte 01 — nom « Rosée Matinale »,article.category-dew .category-name,.v2-category-name,CONFORME,corrigé : margin-bottom 16px restauré (était 14px) — hauteur 33px identique
06.09,06 - Grille catégories (Une Parole pour chaque besoin),"Carte 01 — titre « Mieux penser, mieux choisir et mieux viv… »",article.category-dew h3,h3 équivalent,CONFORME,"corrigé : font-size 31px restauré (était 27px), margin-bottom 15px restauré (était 14px), letter-spacing fantôme retiré (héritage de la règle globale h1..h4, surchargé localement)"
06.10,06 - Grille catégories (Une Parole pour chaque besoin),Carte 01 — paragraphe descriptif,article.category-dew p,p équivalent,CONFORME,corrigé : max-width 500px et font-size 15px restaurés (étaient 480px/14px) ; ligne de base line-height 1.6 héritée de .v2-category-section
06.11,06 - Grille catégories (Une Parole pour chaque besoin),Carte 01 — lien « Lire la pensée du jour » + flèche,article.category-dew .arrow-link,lien équivalent,CONFORME,"corrigé : padding 11px 15px restauré (était 10px 14px), fond rgba(18,14,40,.16) au repos restauré (absent), margin-top 22px restauré (était 20px)"
06.12,06 - Grille catégories (Une Parole pour chaque besoin),Carte catégorie 02 « Que dit la Bible ? » — conteneur,article.category-bible,article carte équivalente,CONFORME,"re-vérifié : min-height 390px, padding 34px restaurés (étaient 340/32) — dimensions identiques à la maquette"
06.13,06 - Grille catégories (Une Parole pour chaque besoin),Carte 02 — numéro « 02 »,article.category-bible .category-number,.v2-category-number,CONFORME,re-vérifié directement
06.14,06 - Grille catégories (Une Parole pour chaque besoin),Carte 02 — nom « Que dit la Bible ? »,article.category-bible .category-name,.v2-category-name,CONFORME,corrigé : margin-bottom 16px restauré (était 14px) — hauteur 33px identique
06.15,06 - Grille catégories (Une Parole pour chaque besoin),"Carte 02 — titre « Dieu a dit, alors nous disons aussi… »",article.category-bible h3,h3 équivalent,CONFORME,"corrigé : font-size 31px restauré (était 27px), margin-bottom 15px restauré (était 14px), letter-spacing fantôme retiré (héritage de la règle globale h1..h4, surchargé localement)"
06.16,06 - Grille catégories (Une Parole pour chaque besoin),Carte 02 — paragraphe descriptif,article.category-bible p,p équivalent,CONFORME,corrigé : max-width 500px et font-size 15px restaurés (étaient 480px/14px) ; ligne de base line-height 1.6 héritée de .v2-category-section
06.17,06 - Grille catégories (Une Parole pour chaque besoin),Carte 02 — lien « Examiner les Écritures » + flèche,article.category-bible .arrow-link,lien équivalent,CONFORME,"corrigé : padding 11px 15px restauré (était 10px 14px), fond rgba(18,14,40,.16) au repos restauré (absent), margin-top 22px restauré (était 20px)"
06.18,06 - Grille catégories (Une Parole pour chaque besoin),Carte catégorie 03 « Je Confesse » — conteneur,article.category-confess,article carte équivalente,CONFORME,"re-vérifié : min-height 390px, padding 34px restaurés (étaient 340/32) — dimensions identiques à la maquette"
06.19,06 - Grille catégories (Une Parole pour chaque besoin),Carte 03 — numéro « 03 »,article.category-confess .category-number,.v2-category-number,CONFORME,re-vérifié directement
06.20,06 - Grille catégories (Une Parole pour chaque besoin),Carte 03 — nom « Je Confesse »,article.category-confess .category-name,.v2-category-name,CONFORME,corrigé : margin-bottom 16px restauré (était 14px) — hauteur 33px identique
06.21,06 - Grille catégories (Une Parole pour chaque besoin),Carte 03 — titre « La Parole de Dieu dans votre bouche.… »,article.category-confess h3,h3 équivalent,CONFORME,"corrigé : font-size 31px restauré (était 27px), margin-bottom 15px restauré (était 14px), letter-spacing fantôme retiré (héritage de la règle globale h1..h4, surchargé localement)"
06.22,06 - Grille catégories (Une Parole pour chaque besoin),Carte 03 — paragraphe descriptif,article.category-confess p,p équivalent,CONFORME,corrigé : max-width 500px et font-size 15px restaurés (étaient 480px/14px) ; ligne de base line-height 1.6 héritée de .v2-category-section
06.23,06 - Grille catégories (Une Parole pour chaque besoin),Carte 03 — lien « Découvrir Je Confesse » + flèche,article.category-confess .arrow-link,lien équivalent,CONFORME,"corrigé : padding 11px 15px restauré (était 10px 14px), fond rgba(18,14,40,.16) au repos restauré (absent), margin-top 22px restauré (était 20px)"
06.24,06 - Grille catégories (Une Parole pour chaque besoin),Carte catégorie 04 « La Vie Supérieure » — conteneur,article.category-life,article carte équivalente,CONFORME,"re-vérifié : min-height 390px, padding 34px restaurés (étaient 340/32) — dimensions identiques à la maquette"
06.25,06 - Grille catégories (Une Parole pour chaque besoin),Carte 04 — numéro « 04 »,article.category-life .category-number,.v2-category-number,CONFORME,re-vérifié directement
06.26,06 - Grille catégories (Une Parole pour chaque besoin),Carte 04 — nom « La Vie Supérieure »,article.category-life .category-name,.v2-category-name,CONFORME,corrigé : margin-bottom 16px restauré (était 14px) — hauteur 33px identique
06.27,06 - Grille catégories (Une Parole pour chaque besoin),Carte 04 — titre « Une connaissance destinée à devenir l’ex… »,article.category-life h3,h3 équivalent,CONFORME,"corrigé : font-size 31px restauré (était 27px), margin-bottom 15px restauré (était 14px), letter-spacing fantôme retiré (héritage de la règle globale h1..h4, surchargé localement)"
06.28,06 - Grille catégories (Une Parole pour chaque besoin),Carte 04 — paragraphe descriptif,article.category-life p,p équivalent,CONFORME,corrigé : max-width 500px et font-size 15px restaurés (étaient 480px/14px) ; ligne de base line-height 1.6 héritée de .v2-category-section
06.29,06 - Grille catégories (Une Parole pour chaque besoin),Carte 04 — lien « Entrer dans l’enseignement » + flèche,article.category-life .arrow-link,lien équivalent,CONFORME,"corrigé : padding 11px 15px restauré (était 10px 14px), fond rgba(18,14,40,.16) au repos restauré (absent), margin-top 22px restauré (était 20px)"
07.01,07 - Événements (events-grid),Bloc titre de section — conteneur (events-heading),.section-heading.events-heading,équivalent (classe modificatrice non isolable),CONFORME,"re-vérifié : hauteur 181px identique, margin-bottom 46px restauré localement (v2-events-section .v2-section-heading) sans toucher à la classe partagée"
07.02,07 - Événements (events-grid),Eyebrow « Agenda »,.events-heading .eyebrow,.v2-eyebrow,CONFORME,re-mesuré avec l'outil corrigé : textTransform uppercase/couleur/dimensions (550×21) identiques
07.03,07 - Événements (events-grid),H2 « Rencontres et conférences »,.events-heading h2,h2 équivalent,CONFORME,"corrigé : couleur rgb(23,20,45) restaurée localement (v2-events-section .v2-section-heading h2), l'ancien --ink hérité du body l'emportait sur l'héritage — sans toucher à la classe partagée avec [05]/[08]"
07.04,07 - Événements (events-grid),Paragraphe d'intro de section,.events-heading > p,p équivalent,CONFORME,re-vérifié directement : couleur/font-size/line-height/largeur/hauteur identiques (550×59) — le statut initial provenait d'une troncature de comparaison
07.05,07 - Événements (events-grid),Grille événements — conteneur (events-grid),.events-grid,.v2-events-grid,CONFORME,"corrigé : hauteur 450px identique désormais (min-height/padding de .v2-next-event restaurés) — l'état vide des événements passés reste un état lié à la donnée, non un défaut de code"
07.06,07 - Événements (events-grid),Carte « Prochain rendez-vous » — conteneur,article.next-event,.v2-next-event,CONFORME,"corrigé : min-height 450px, padding 38px restaurés (étaient 420/36) ; cercle décoratif ::after restauré (270→320px etc.)"
07.07,07 - Événements (events-grid),Kicker « Prochain rendez-vous »,.event-kicker,.v2-event-kicker,CONFORME,corrigé : font-family Inter hérité de .v2-events-section
07.08,07 - Événements (events-grid),Date événement — « À venir »,.event-date strong,.v2-event-date strong,CONFORME,"corrigé : font-size 46px restauré (était 42px), margin-top 45px restauré sur le conteneur (était 40px)"
07.09,07 - Événements (events-grid),Date événement — sous-texte,.event-date span,.v2-event-date span,CONFORME,corrigé : font-family Inter hérité
07.10,07 - Événements (events-grid),Corps événement — « Conférence »,.event-body p,.v2-event-body p,CONFORME,corrigé : font-family Inter hérité
07.11,07 - Événements (events-grid),Corps événement — titre « La Vie Supérieure »,.event-body h3,.v2-event-body h3,CONFORME,"corrigé : font-size 38px restauré (était 34px), letter-spacing fantôme retiré"
07.12,07 - Événements (events-grid),Corps événement — description,.event-body span,.v2-event-body span,CONFORME,"corrigé : max-width 470px restauré (était 450px), font-family Inter hérité"
07.13,07 - Événements (events-grid),Lien « Découvrir le site de l'événement » + flèche,article.next-event > a,lien équivalent,CONFORME,corrigé : margin-top 26px restauré (était 24px) ; line-height hérité de la section — hauteur identique désormais
07.14,07 - Événements (events-grid),Bloc événements passés — conteneur,.past-events,.v2-past-events (état vide),ABSENT,"confirmé : rendu en état vide (« Les premiers événements passés apparaîtront ici. ») — cause : table Supabase events sans lignes saisies, pas un défaut de code. Aucune donnée fabriquée pour combler cet écart, conformément à la consigne. Éléments de style .v2-past-events/.v2-past-event/.micro-label corrigés en prévision (padding 38px, min-height 134px, colonnes 105px 1fr auto, gap 20px, bordure top/bottom, strong non forcé en 500 (était 500, doit être gras par défaut, 20px), couleur/taille du micro-label « À revivre » restaurées, span décoratif erroné retiré)."
07.15,07 - Événements (events-grid),Micro-label « À revivre »,.past-events .micro-label,—,ABSENT,"absent du rendu V2 — état lié à la donnée (aucun événement passé saisi en base), non un défaut d'interface. CSS de .v2-past-event corrigée par ailleurs (min-height 134px, colonnes 105px, gap 20px, bordures, strong non forcé en 500) pour le jour où des données existeront."
07.16,07 - Événements (events-grid),Événement passé 1 — date,.past-event:nth-child(2) time,—,ABSENT,"absent du rendu V2 — état lié à la donnée (aucun événement passé saisi en base), non un défaut d'interface. CSS de .v2-past-event corrigée par ailleurs (min-height 134px, colonnes 105px, gap 20px, bordures, strong non forcé en 500) pour le jour où des données existeront."
07.17,07 - Événements (events-grid),Événement passé 1 — titre,.past-event:nth-child(2) strong,—,ABSENT,"absent du rendu V2 — état lié à la donnée (aucun événement passé saisi en base), non un défaut d'interface. CSS de .v2-past-event corrigée par ailleurs (min-height 134px, colonnes 105px, gap 20px, bordures, strong non forcé en 500) pour le jour où des données existeront."
07.18,07 - Événements (events-grid),Événement passé 1 — lieu,.past-event:nth-child(2) span,—,ABSENT,"absent du rendu V2 — état lié à la donnée (aucun événement passé saisi en base), non un défaut d'interface. CSS de .v2-past-event corrigée par ailleurs (min-height 134px, colonnes 105px, gap 20px, bordures, strong non forcé en 500) pour le jour où des données existeront."
07.19,07 - Événements (events-grid),Événement passé 1 — flèche,.past-event:nth-child(2) b,—,ABSENT,"absent du rendu V2 — état lié à la donnée (aucun événement passé saisi en base), non un défaut d'interface. CSS de .v2-past-event corrigée par ailleurs (min-height 134px, colonnes 105px, gap 20px, bordures, strong non forcé en 500) pour le jour où des données existeront."
07.20,07 - Événements (events-grid),Événement passé 2 — date,.past-event:nth-child(3) time,—,ABSENT,"absent du rendu V2 — état lié à la donnée (aucun événement passé saisi en base), non un défaut d'interface. CSS de .v2-past-event corrigée par ailleurs (min-height 134px, colonnes 105px, gap 20px, bordures, strong non forcé en 500) pour le jour où des données existeront."
07.21,07 - Événements (events-grid),Événement passé 2 — titre,.past-event:nth-child(3) strong,—,ABSENT,"absent du rendu V2 — état lié à la donnée (aucun événement passé saisi en base), non un défaut d'interface. CSS de .v2-past-event corrigée par ailleurs (min-height 134px, colonnes 105px, gap 20px, bordures, strong non forcé en 500) pour le jour où des données existeront."
07.22,07 - Événements (events-grid),Événement passé 2 — lieu,.past-event:nth-child(3) span,—,ABSENT,"absent du rendu V2 — état lié à la donnée (aucun événement passé saisi en base), non un défaut d'interface. CSS de .v2-past-event corrigée par ailleurs (min-height 134px, colonnes 105px, gap 20px, bordures, strong non forcé en 500) pour le jour où des données existeront."
07.23,07 - Événements (events-grid),Événement passé 2 — flèche,.past-event:nth-child(3) b,—,ABSENT,"absent du rendu V2 — état lié à la donnée (aucun événement passé saisi en base), non un défaut d'interface. CSS de .v2-past-event corrigée par ailleurs (min-height 134px, colonnes 105px, gap 20px, bordures, strong non forcé en 500) pour le jour où des données existeront."
08.01,08 - Livres (books-grid),Bloc titre de section — conteneur (books-heading),.section-heading.books-heading,équivalent (classe modificatrice non isolable),CONFORME,"re-vérifié : classe partagée v2-section-heading correctement utilisée ici (structure grid conforme à la maquette, contrairement à [06])"
08.02,08 - Livres (books-grid),Eyebrow « amDG Éditions »,.books-heading .eyebrow,.v2-eyebrow,CONFORME,"BUG RÉEL CORRIGÉ : classe v2-brand-case ajoutée (équivalent de .brand-case de la maquette), text-transform:none restauré sur ce badge précis uniquement — la règle générale uppercase des autres eyebrows n'a pas été touchée. Ce badge n'avait jamais été mesuré par l'ancien outil (élément à contenu mixte texte+span décoratif, exclu par le test isLeaf() d'origine) ; capturé et vérifié conforme avec l'outil corrigé (550×21, textTransform none des deux côtés)."
08.03,08 - Livres (books-grid),H2 « Dernières parutions » (avec em),.books-heading h2,h2 équivalent,CONFORME,"re-mesuré avec l'outil corrigé (le h2 contient un <em>, contenu mixte) : Georgia/64px/500/lineHeight 67.84px/letterSpacing -2.24px/couleur rgb(23,20,45)/550×68 identiques"
08.03b,08 - Livres (books-grid),H2 — em « parutions »,.books-heading h2 em,em équivalent,CONFORME,"corrigé : couleur rgb(109,49,242) (violet) restaurée sur l'em « parutions » (règle dédiée ajoutée, était rgb(27,23,48) hérité de l'ancien --ink)"
08.04,08 - Livres (books-grid),Lien « Voir tout le catalogue » + flèche,.catalogue-link,lien équivalent,CONFORME,"corrigé en profondeur : lien remplacé par une vraie classe v2-catalogue-link (au lieu d'un style inline) — couleur rgb(23,20,45) restaurée (était forcée en violet, une couleur non prévue par la maquette), font-weight 800 restauré (était 750), justify-self:end ajouté pour l'alignement dans la grille"
08.05,08 - Livres (books-grid),Grille livres — conteneur (books-grid),.books-grid,.v2-books-grid,CONFORME,"BUG RACINE IDENTIFIÉ ET CORRIGÉ : .v2-book-cover (élément wrapper du composant CoverRollover, en position:absolute sans contenu de flux) n'avait aucune hauteur propre, causant l'effondrement de toute la grille (696→331px). Un aspect-ratio explicite (.665, auto pour la carte principale) restaure une hauteur définie sans dépendre du survol — hauteur de grille 696px identique à la maquette"
08.06,08 - Livres (books-grid),Carte livre 1 — conteneur,article.book-card.book-main,article carte livre équivalente,CONFORME,re-vérifié directement
08.07,08 - Livres (books-grid),Carte livre 1 — lien couverture,a.book-cover,lien couverture équivalent,CONFORME,re-vérifié directement
08.08,08 - Livres (books-grid),Carte livre 1 — image couverture,a.book-cover img,img couverture (CoverRollover),CONFORME,"corrigé : object-fit:cover restauré (était contain par défaut du composant CoverRollover partagé — surchargé localement par spécificité sans toucher au composant ni à /livres, hors de ce lot) ; dimensions couverture principale 256×694 identiques à la maquette"
08.09,08 - Livres (books-grid),Carte livre 1 — badge « Nouveauté »,.book-info span,.v2-book-info span,CONFORME,corrigé : font-family Inter hérité
08.10,08 - Livres (books-grid),Carte livre 1 — titre « Tu deviens ce que tu connais »,.book-info h3,.v2-book-info h3,CONFORME,"corrigé : font-size 35px restauré (était 32px), letter-spacing fantôme retiré ; padding de la carte principale restauré (46px 34px, était 40px 32px)"
08.11,08 - Livres (books-grid),Carte livre 1 — description,.book-info p,.v2-book-info p,CONFORME,"re-vérifié directement : couleur, police, taille identiques après corrections de la carte principale"
08.12,08 - Livres (books-grid),Carte livre 1 — lien « Découvrir » + flèche,".book-info a, .book-info b",lien équivalent,CONFORME,"re-vérifié directement : couleur blanche, poids 800 identiques (l'écart du référentiel initial était un artefact d'appariement automatique)"
08.13,08 - Livres (books-grid),Carte livre 2 — conteneur,article.book-card,article carte livre équivalente,CONFORME,re-vérifié directement
08.14,08 - Livres (books-grid),Carte livre 2 — lien couverture,a.book-cover,lien couverture équivalent,CONFORME,re-vérifié directement
08.15,08 - Livres (books-grid),Carte livre 2 — image couverture,a.book-cover img,img couverture (CoverRollover),CONTRÔLE MANUEL REQUIS,"object-fit:cover corrigé (était contain), mais la hauteur de couverture (326×490, ratio .665 fixe) reproduit un rapport largeur/hauteur cohérent et non déformé sans répliquer à l'identique un comportement de remplissage total observé dans la maquette (326×694, aspect-ratio ignoré de fait par le moteur de rendu sur un <a> resté display:inline) — mécanisme non reproductible à l'identique avec le wrapper CoverRollover (images en position:absolute, sans contenu de flux) sans casser le calcul de hauteur de la carte principale (testé, régression constatée puis annulée). Écart mineur, assumé, à valider visuellement par Serge."
08.16,08 - Livres (books-grid),Carte livre 2 — badge « Nouveauté »,.book-info span,.v2-book-info span,CONFORME,corrigé : font-family Inter hérité
08.17,08 - Livres (books-grid),Carte livre 2 — titre « Manifester ce que Dieu a prévu »,.book-info h3,.v2-book-info h3,CONFORME,"corrigé : couleur rgb(23,20,45) restaurée (héritage local, ancien --ink), font-size 26px restauré (était 24px), letter-spacing fantôme retiré"
08.18,08 - Livres (books-grid),Carte livre 2 — lien « Découvrir » + flèche,".book-info a, .book-info b",lien équivalent,CONFORME,re-vérifié directement
08.19,08 - Livres (books-grid),Carte livre 3 — conteneur,article.book-card,article carte livre équivalente,CONFORME,re-vérifié directement
08.20,08 - Livres (books-grid),Carte livre 3 — lien couverture,a.book-cover,lien couverture équivalent,CONFORME,re-vérifié directement
08.21,08 - Livres (books-grid),Carte livre 3 — image couverture,a.book-cover img,img couverture (CoverRollover),CONTRÔLE MANUEL REQUIS,"même écart mineur assumé que 08.15 (voir note) — object-fit:cover corrigé, ratio fixe .665 au lieu du remplissage total quirky de la maquette"
08.22,08 - Livres (books-grid),Carte livre 3 — titre « Les hauts lieux dans le culte moderne »,.book-info h3,.v2-book-info h3,CONFORME,"corrigé : couleur rgb(23,20,45) restaurée, font-size 26px restauré (était 24px), letter-spacing fantôme retiré"
08.23,08 - Livres (books-grid),Carte livre 3 — lien « Découvrir » + flèche,".book-info a, .book-info b",lien équivalent,CONFORME,re-vérifié directement
09.01,09 - Soutenir (support-orb / support-copy / support-points),Halo décoratif (support-orb),.support-orb,.v2-support-orb,CONFORME,"re-vérifié directement : dimensions 640×640, border 1px, box-shadow, border-radius 50% identiques"
09.02,09 - Soutenir (support-orb / support-copy / support-points),Grille support — conteneur (support-grid),.support-grid,.v2-support-grid,CONFORME,"corrigé : font-family Inter + line-height 1.6 ajoutés sur .v2-support-section (hérités) — hauteur 448px identique désormais (l'écart initial provenait des paragraphes/eyebrow enfants, résolu à la racine)"
09.03,09 - Soutenir (support-orb / support-copy / support-points),Bloc support-copy — conteneur,.support-copy,.v2-support-copy,CONFORME,"re-vérifié : conteneur identique, largeur 594px"
09.04,09 - Soutenir (support-orb / support-copy / support-points),Eyebrow « Soutenir »,.support-copy .eyebrow.light,.v2-eyebrow.light,CONFORME,corrigé : line-height 20.8px hérité de .v2-support-section — hauteur 21px identique désormais
09.05,09 - Soutenir (support-orb / support-copy / support-points),H2 « Associez-vous à cette œuvre... »,.support-copy h2,.v2-support-copy h2,CONFORME,re-vérifié directement : Georgia/64px/500/lineHeight 67.84px/letterSpacing -2.24px/594×204 identiques
09.06,09 - Soutenir (support-orb / support-copy / support-points),Paragraphe support-copy,.support-copy p,.v2-support-copy p,CONFORME,"corrigé : font-family Inter + line-height 27.2px hérités — hauteur 82px identique désormais (le statut initial provenait d'une troncature de comparaison, résolu par mesure directe)"
09.07,09 - Soutenir (support-orb / support-copy / support-points),Bouton « Devenir semeur de la Parole » + flèche,.support-copy .button-light,.v2-support-copy .v2-button-light,CONFORME,"re-vérifié directement : couleur rgb(79,37,216), fond blanc, font-weight 750 identiques ; line-height 22.4px hérité — hauteur 55px identique désormais (l'écart du référentiel initial — couleur rgb(215,201,255), font-weight 600 — était un artefact d'appariement automatique, ne correspondait pas à cet élément)"
09.08,09 - Soutenir (support-orb / support-copy / support-points),Bloc support-points — conteneur,.support-points,.v2-support-points,CONFORME,"re-vérifié : conteneur identique, largeur 486px"
09.09,09 - Soutenir (support-orb / support-copy / support-points),Point 01 — numéro,.support-points div:nth-child(1) b,b équivalent,CONFORME,"corrigé : contenu textuel « I » remplacé par « 01 » (écart structurel de contenu, pas seulement CSS) — Georgia/22px/700/lineHeight 35.2px identiques"
09.10,09 - Soutenir (support-orb / support-copy / support-points),Point 01 — titre « Un ministère libre »,.support-points strong,strong équivalent,CONFORME,corrigé : font-family Inter hérité de .v2-support-section (au lieu de Manrope)
09.11,09 - Soutenir (support-orb / support-copy / support-points),Point 01 — description,.support-points span,span équivalent,CONFORME,corrigé : font-family Inter hérité
09.12,09 - Soutenir (support-orb / support-copy / support-points),Point 02 — numéro,.support-points div:nth-child(2) b,b équivalent,CONFORME,corrigé : contenu textuel « II » remplacé par « 02 »
09.13,09 - Soutenir (support-orb / support-copy / support-points),Point 02 — titre « Une Parole accessible »,.support-points strong,strong équivalent,CONFORME,corrigé : font-family Inter hérité
09.14,09 - Soutenir (support-orb / support-copy / support-points),Point 02 — description,.support-points span,span équivalent,CONFORME,corrigé : font-family Inter hérité
09.15,09 - Soutenir (support-orb / support-copy / support-points),Point 03 — numéro,.support-points div:nth-child(3) b,b équivalent,CONFORME,corrigé : contenu textuel « III » remplacé par « 03 »
09.16,09 - Soutenir (support-orb / support-copy / support-points),Point 03 — titre « Une œuvre en mouvement »,.support-points strong,strong équivalent,CONFORME,corrigé : font-family Inter hérité
09.17,09 - Soutenir (support-orb / support-copy / support-points),Point 03 — description,.support-points span,span équivalent,CONFORME,corrigé : font-family Inter hérité
10.01,10 - Communauté / Réseaux sociaux,Bloc community-title — conteneur,.community-title,.v2-community-title,CONFORME,corrigé : font-family Inter + line-height 1.6 + couleur var(--v2-ink) ajoutés sur .v2-community-section (l'ancien --ink hérité du body différait légèrement de --v2-ink) — hauteur 221px identique désormais
10.02,10 - Communauté / Réseaux sociaux,Eyebrow « Rester connecté »,.community-title .eyebrow,.v2-eyebrow,CONFORME,re-vérifié directement : line-height 20.8px hérité — hauteur 21px identique
10.03,10 - Communauté / Réseaux sociaux,H2 « La Parole continue au fil de la semaine. »,.community-title h2,.v2-community-title h2,CONFORME,"re-vérifié directement : Georgia/55.04px/500/lineHeight 58.34px/letterSpacing -1.93px/couleur rgb(23,20,45)/432×175 identiques"
10.04,10 - Communauté / Réseaux sociaux,Liste réseaux sociaux — conteneur (social-list),.social-list,.v2-social-list,CONFORME,"re-vérifié : grid 2×324px, dimensions 648×245 identiques"
10.05,10 - Communauté / Réseaux sociaux,Réseau « YouTube » — icône,.social-list span,span icône équivalent,CONFORME,"re-vérifié directement : fond rgb(238,232,255), couleur rgb(79,37,216), font-weight 800, border-radius 50%, 42×42 identiques — seul l'écart réel était le font-family (Manrope→Inter), corrigé par héritage ; les autres écarts du référentiel initial (background/margin/box-shadow/padding) étaient des artefacts d'appariement automatique"
10.06,10 - Communauté / Réseaux sociaux,Réseau « YouTube » — nom,.social-list strong,strong équivalent,CONFORME,corrigé : font-family Inter hérité de .v2-community-section
10.07,10 - Communauté / Réseaux sociaux,Réseau « YouTube » — identifiant,.social-list small,small équivalent,CONFORME,corrigé : font-family Inter hérité
10.08,10 - Communauté / Réseaux sociaux,Réseau « YouTube » — flèche,.social-list b,b équivalent,CONFORME,"re-vérifié directement : couleur rgb(79,37,216), font-weight 700, line-height 25.6px identiques — l'écart du référentiel initial était un artefact d'appariement (élément confondu avec la flèche du ticker du header)"
10.09,10 - Communauté / Réseaux sociaux,Réseau « Instagram » — icône,.social-list span,span icône équivalent,CONFORME,corrigé : font-family Inter hérité
10.10,10 - Communauté / Réseaux sociaux,Réseau « Instagram » — nom,.social-list strong,strong équivalent,CONFORME,corrigé : font-family Inter hérité
10.11,10 - Communauté / Réseaux sociaux,Réseau « Instagram » — identifiant,.social-list small,small équivalent,CONFORME,corrigé : font-family Inter hérité
10.12,10 - Communauté / Réseaux sociaux,Réseau « Instagram » — flèche,.social-list b,b équivalent,CONFORME,re-vérifié directement : identique (voir 10.08)
10.13,10 - Communauté / Réseaux sociaux,Réseau « TikTok » — icône,.social-list span,span icône équivalent,CONFORME,corrigé : font-family Inter hérité
10.14,10 - Communauté / Réseaux sociaux,Réseau « TikTok » — nom,.social-list strong,strong équivalent,CONFORME,corrigé : font-family Inter hérité
10.15,10 - Communauté / Réseaux sociaux,Réseau « TikTok » — identifiant,.social-list small,small équivalent,CONFORME,corrigé : font-family Inter hérité
10.16,10 - Communauté / Réseaux sociaux,Réseau « TikTok » — flèche,.social-list b,b équivalent,CONFORME,re-vérifié directement : identique (voir 10.08)
10.17,10 - Communauté / Réseaux sociaux,Réseau « Facebook » — icône,.social-list span,span icône équivalent,CONFORME,corrigé : font-family Inter hérité
10.18,10 - Communauté / Réseaux sociaux,Réseau « Facebook » — nom,.social-list strong,strong équivalent,CONFORME,corrigé : font-family Inter hérité
10.19,10 - Communauté / Réseaux sociaux,Réseau « Facebook » — identifiant,.social-list small,small équivalent,CONFORME,corrigé : font-family Inter hérité
10.20,10 - Communauté / Réseaux sociaux,Réseau « Facebook » — flèche,.social-list b,b équivalent,CONFORME,re-vérifié directement : identique (voir 10.08)
11.01,11 - Newsletter,Conteneur newsletter-inner — layout,.newsletter-inner,.v2-newsletter-inner,CONFORME,"conteneur re-vérifié : .newsletter-inner utilise désormais v2-wrap (au lieu de l'ancienne classe wrap non préfixée) — grid-template-columns 589.188px/500.812px identique à la maquette, largeur 1180px identique (corrige un bug où max-width:none annulait la contrainte de largeur et l'ancienne classe wrap non-v2 ajoutait un padding parasite)"
11.02,11 - Newsletter,Eyebrow « Newsletter »,.newsletter .eyebrow.light,.v2-eyebrow.light,CONFORME,re-vérifié directement : Inter/13px/780/lineHeight 20.8px/letterSpacing 2.34px/589×21 identiques
11.03,11 - Newsletter,H2 « ParoleDeViePourVous »,.newsletter h2,.v2-newsletter h2,CONFORME,corrigé : largeur 589px identique (conséquence de la correction du conteneur) ; texte-align start=left non compté comme écart (rendu identique) ; lineHeight/letterSpacing/couleur/dimensions tous identiques après correction
11.04,11 - Newsletter,Paragraphe descriptif,.newsletter > .wrap > div > p,.v2-newsletter p,CONFORME,"re-vérifié directement : Inter/16px/400/lineHeight 25.6px/589×51 identiques (le statut CONTRÔLE MANUEL REQUIS initial provenait d'une troncature de comparaison, corrigé par mesure directe)"
11.05,11 - Newsletter,Formulaire newsletter-form — conteneur,form.newsletter-form,.v2-newsletter-form,CONFORME,hauteur du formulaire 164px identique après corrections (police/line-height des inputs et du checkbox)
11.06,11 - Newsletter,Label « Votre adresse e-mail »,form.newsletter-form label[for=email],label équivalent,CONFORME,"corrigé : line-height 20.8px ajouté sur .newsletter (hérité) — hauteur 21px, largeur 501px identiques désormais"
11.07,11 - Newsletter,Champ email,input#email,input email équivalent,CONFORME,"corrigé : font-size ramené à 16px (hérité, au lieu de 15px forcé) + line-height 1.6 ajouté sur .newsletter-form input — hauteur 52px, largeur 368px identiques désormais (le diff initial du référentiel était en réalité dupliqué par erreur avec 11.10, corrigé par mesure directe)"
11.08,11 - Newsletter,Bouton « S'inscrire » + flèche,button[type=submit] (newsletter),bouton équivalent,CONFORME,"re-vérifié directement : couleur rgb(255,255,255), fond rgb(109,49,242), font-weight 750 identiques — line-height 1.6 ajouté sur .newsletter-form button, hauteur 52px identique désormais (l'écart initial du référentiel — couleur rgb(215,201,255), font-weight 600 — ne correspondait pas à cet élément mais à la flèche du ticker du header, erreur d'appariement automatique)"
11.09,11 - Newsletter,Label consentement RGPD,label.consent,.v2-consent,CONFORME,re-vérifié : structure et style identiques
11.10,11 - Newsletter,Case à cocher consentement,label.consent input[type=checkbox],checkbox équivalent,CONFORME,"corrigé : margin restauré à 2px 3px 3px 4px (valeurs par défaut du navigateur pour une case à cocher, écrasées par le reset universel *{margin:0} du site — corrigé localement sur .newsletter .consent input sans toucher au reset global) — hauteur de la ligne de consentement 23px identique désormais (le diff initial était dupliqué par erreur avec 11.07, corrigé par mesure directe)"
11.11,11 - Newsletter,Texte consentement,label.consent span,.v2-consent span,CONFORME,corrigé : line-height 20.8px hérité de .newsletter — hauteur 21px identique désormais ; text-align start=left non compté comme écart (rendu identique)
11.12,11 - Newsletter,Note « Aucun spam · Désabonnement en 1 clic »,p.form-note,.v2-form-note,CONFORME,"corrigé : text-align remis à center (était forcé à left, contredisait explicitement la maquette) + line-height 19.2px hérité — hauteur 19px, largeur 501px identiques désormais"
12.01,12 - Footer,Grille footer — conteneur (footer-grid),.footer-grid,.v2-footer-grid,CONFORME,"display grid, gap 90px, hauteur 183px identiques des deux côtés (vérifié après correction — l'écart de hauteur observé avant correction a disparu)"
12.02,12 - Footer,Titre h2 « Serge Hapita Ministries » (footer-about),.footer-about h2,.v2-footer-about h2,CONFORME,"fontFamily/fontSize/fontWeight/fontStyle/lineHeight(40px)/letterSpacing/color(rgb(104,100,120))/dimensions (491×40) identiques — re-vérifié directement (le statut CONFORME initial du référentiel n'était pas mesuré ; confirmé maintenant par mesure réelle)"
12.02b,12 - Footer,H2 footer — em « Ministries »,.footer-about h2 em,.v2-footer-about h2 em,CONFORME,"corrigé : couleur rgb(104,100,120) et letter-spacing normal restaurés (héritage de .v2-footer-about h2, qui ne force plus color:var(--v2-ink) ni le letter-spacing hérité de la règle globale h1,h2,h3,h4) — vérifié : 25px/500/italic/lineHeight 40px/rgb(104,100,120)/normal, largeur 114px identique des deux côtés"
12.03,12 - Footer,Paragraphe footer-about,.footer-about p,.v2-footer-about p,CONFORME,"texte intégral vérifié identique (Inter/15px/400/lineHeight 25.5px/rgb(104,100,120)/460×77) — non capturé par l'automate initial à cause d'une troncature de comparaison à 80 caractères, corrigé par mesure directe"
12.04,12 - Footer,Nav footer-links — conteneur,nav.footer-links,.v2-footer-links,CONFORME,"display grid, gap 40px identiques"
12.05,12 - Footer,Titre colonne « Le site »,footer-links div:nth-child(1) strong,strong équivalent,CONFORME,line-height 19.2px ajouté sur .v2-footer-links strong — hauteur 19px identique désormais
12.06,12 - Footer,Lien « De Serge » (colonne Le site),footer-links div:nth-child(1) a,lien équivalent,CONFORME,line-height 22.4px ajouté sur .v2-footer-links a — hauteur 22px identique désormais
12.07,12 - Footer,Lien « Livres » (colonne Le site),footer-links div:nth-child(1) a,lien équivalent,CONFORME,line-height 22.4px ajouté sur .v2-footer-links a — hauteur 22px identique désormais
12.08,12 - Footer,Lien « Publications » (colonne Le site),footer-links div:nth-child(1) a,lien équivalent,CONFORME,line-height 22.4px ajouté sur .v2-footer-links a — hauteur 22px identique désormais
12.09,12 - Footer,Lien « Boutique » (colonne Le site),footer-links div:nth-child(1) a,lien équivalent,CONFORME,line-height ajouté sur .v2-footer-links a — hauteur identique désormais
12.10,12 - Footer,Titre colonne « Ministère »,footer-links div:nth-child(2) strong,strong équivalent,CONFORME,line-height 19.2px ajouté sur .v2-footer-links strong — hauteur 19px identique désormais
12.11,12 - Footer,Lien « Mission » (colonne Ministère),footer-links div:nth-child(2) a[href*=mission],—,CONFORME,"lien « Mission » ajouté dans getFooterColumns() en 1ère position de la colonne Ministère (ordre exact de la maquette) ; police/couleur/line-height identiques (Inter 14px 400 rgb(23,20,45) lineHeight 22.4px, 51×22)"
12.12,12 - Footer,Lien « Invitation » (colonne Ministère),footer-links div:nth-child(2) a,lien équivalent,CONFORME,line-height 22.4px ajouté sur .v2-footer-links a — hauteur 22px identique désormais
12.13,12 - Footer,Lien « Partenariat » (colonne Ministère),footer-links div:nth-child(2) a,lien équivalent,CONFORME,line-height 22.4px ajouté sur .v2-footer-links a — hauteur 22px identique désormais
12.14,12 - Footer,Lien « Connaître Jésus » (colonne Ministère),footer-links div:nth-child(2) a,lien équivalent,CONFORME,line-height ajouté sur .v2-footer-links a — hauteur identique désormais
12.15,12 - Footer,Lien « Contact » (colonne Ministère),footer-links div:nth-child(2) a,lien équivalent,CONFORME,line-height ajouté sur .v2-footer-links a — hauteur identique désormais
12.16,12 - Footer,Titre colonne « Réseaux »,footer-links div:nth-child(3) strong,strong équivalent,CONFORME,line-height 19.2px ajouté sur .v2-footer-links strong — hauteur 19px identique désormais
12.17,12 - Footer,Lien « YouTube » (colonne Réseaux),footer-links div:nth-child(3) a,lien équivalent,CONFORME,fontFamily re-vérifié directement : Inter identique des deux côtés (l'écart du référentiel initial était un artefact de mesure) ; line-height 22.4px ajouté
12.18,12 - Footer,Lien « Instagram » (colonne Réseaux),footer-links div:nth-child(3) a,lien équivalent,CONFORME,fontFamily re-vérifié directement : Inter identique des deux côtés (artefact de mesure initial) ; line-height 22.4px ajouté
12.19,12 - Footer,Lien « TikTok » (colonne Réseaux),footer-links div:nth-child(3) a,lien équivalent,CONFORME,fontFamily re-vérifié directement : Inter identique des deux côtés (artefact de mesure initial) ; line-height 22.4px ajouté
12.20,12 - Footer,Lien « Facebook » (colonne Réseaux),footer-links div:nth-child(3) a,lien équivalent,CONFORME,fontFamily re-vérifié directement : Inter identique des deux côtés (artefact de mesure initial) ; line-height 22.4px ajouté
12.21,12 - Footer,Copyright « © 2026 Serge Hapita Ministries... »,.footer-bottom span,.v2-footer-bottom span,CONFORME,line-height 17.6px ajouté sur .v2-footer-bottom — hauteur 18px identique désormais
12.22,12 - Footer,Nav légale — conteneur,.footer-bottom nav,.v2-footer-bottom nav,CONFORME,
12.23,12 - Footer,Lien « Mentions légales »,.footer-bottom nav a,lien équivalent,CONFORME,line-height 17.6px ajouté (hérité de .v2-footer-bottom) — hauteur 13px identique désormais
12.24,12 - Footer,Lien « Politique de confidentialité »,.footer-bottom nav a,lien équivalent,CONFORME,line-height 17.6px ajouté (hérité de .v2-footer-bottom) — hauteur identique désormais
12.25,12 - Footer,Lien « Politique de cookies »,.footer-bottom nav a,lien équivalent,CONFORME,line-height 17.6px ajouté (hérité de .v2-footer-bottom) — hauteur identique désormais
12.26,12 - Footer,Lien « Termes et conditions »,.footer-bottom nav a,lien équivalent,CONFORME,line-height 17.6px ajouté (hérité de .v2-footer-bottom) — hauteur identique désormais
13.01,13 - Page entière,"Densité du corps de texte (rendu réel du texte, au-delà des valeurs CSS calculées)","body (auto, comportement natif du navigateur)",.v2-home,CONFORME,"corrigé (retour de validation humaine sur De Serge, appliqué par cohérence, 12/09) : body{-webkit-font-smoothing:antialiased} — règle globale héritée de l'ancienne charte, absente de la maquette — était héritée dans toute la page. -webkit-font-smoothing:auto restauré localement sur .v2-home, jamais sur la règle globale body."
13.02,Header partagé,Logo (dimensions réelles),.brand img,.v2-brand img,CONFORME,"corrigé (retour de validation humaine, contrôle « fenêtre contre fenêtre », 12/09) : le fichier site/public/logo.png différait de l'actif de la maquette (900×339, ratio 2.655) au lieu de 2048×682 (ratio 3.003) — avec height:auto (identique des deux côtés), ce mauvais ratio produisait une hauteur rendue de 70.98px au lieu de 62.6px pour une largeur de 188px identique, d'où un logo perçu ~13% plus grand. Cause démontrée par getBoundingClientRect + naturalWidth/Height des deux côtés, pas par jugement visuel. Fichier remplacé par l'actif exact de la maquette (prototype-html/assets/logo.png) ; aucune règle CSS modifiée (déjà fidèle à la maquette). Re-mesuré sur les 4 pages migrées : 188×62.6px partout."
13.03,07 - Agenda / Événements,Bloc « À revivre » — gabarit du rendu dynamique (événements passés),.past-event / .past-events / .micro-label,.v2-past-event / .v2-past-events / .micro-label,CONFORME,"contrôlé sans fabriquer de donnée (table events vide) : le code (getPastEvents, page.tsx) affiche actuellement un message honnête (« Les premiers événements passés apparaîtront ici »), jamais de contenu fictif. CSS comparée ligne à ligne à publications.css/styles.css § .past-event : grid-template-columns 105px 1fr auto, min-height 134px, bordures, typographies (time/strong/span/b) toutes identiques aux tokens --v2- près. Une règle .v2-past-event:first-child{border-top:0} sans équivalent dans la maquette a été testée par simulation DOM éphémère (aucune donnée persistée) : elle ne matche jamais l'élément réel (le <p class=""micro-label""> est toujours le premier enfant de .v2-past-events, jamais un .v2-past-event) — code mort, sans aucun effet visuel, non corrigé. Conclusion : l'absence actuelle des 2 événements passés est uniquement due à la donnée manquante ; le gabarit dynamique produira le rendu exact de la maquette dès qu'un événement passé sera créé dans l'administration."
13.04,Header partagé,Menus déroulants « À propos »/« Publications » — fermeture après navigation,.nav-dropdown (comportement natif <details>),.v2-nav-dropdown (DesktopNav.tsx),CONFORME,"comportement déjà correct sur l'accueil avant et après le correctif (jamais atteint depuis un lien à l'intérieur d'un menu déroulant) — re-testé réellement (survol, ouverture, clic, retour du focus) sur les deux menus après le correctif appliqué pour /de-serge et /mission : aucune régression."
